,자치구,연번,시장명,주소,"건물형
(연면적)","점포수
(빈점포제외)"
,종로구,계,26,,,"11,884"
,종로구,1,광장시장,"종로구 창경궁로 88
(종로구 예지동 6-1)","18,975","1,250"
,종로구,2,통인시장,"종로구 필운대로 6길3 일대
(종로구 통인동 44 일대)","4,421",78
,종로구,3,광장전통시장,"종로구 창경궁로 88 일대
(종로구 예지동 6-1)","49,384","2,019"
,종로구,4,세운상가가동,"종로구 청계천로 159
(종로구 장사동 116-4)","10,819",347
,종로구,5,동대문종합시장,"종로구 종로 266
(종로구 종로6가 262-1)","61,476","4,000"
,종로구,6,동대문쇼핑타운,"종로구 종로272
(종로구 종로6가 289-57)","7,679",334
,종로구,7,동대문종합시장D동상가,"종로구 종로 266
(종로구 종로6가 262-1)","14,280","1,134"
,종로구,8,동문시장,"종로구 종로44길 14
(종로구 창신동 436-41)","9,739",150
,종로구,9,신설종합시장,"종로구 난계로27길 51
(종로구 숭인동 206-9)","1,691",151
,종로구,10,종로신진시장,"종로구 종로38길16 일대
(종로구 종로5가 225-21 일대)","3,400",115
,종로구,11,한일상가,"종로구 청계천로 229
(종로구 종로5가 314-7)","4,894",325
,종로구,12,"세종마을 음식문화거리
(구. 금천교시장)","종로구 자하문로 1길 일대
(종로구 내자동 1-2 일대)","18,187",112
,종로구,13,낙원상가,"종로구 삼일대로 428
(종로구 낙원동 288)","4,889",312
,종로구,14,낙원지하시장(대일상가),"종로구 삼일대로 428
(종로구 낙원동 288)","6,594",250
,종로구,15,충신시장,"종로구 율곡로22길 일대
(종로구 충신동 55-4 일대)","4,000",21
,종로구,16,창신골목시장,"종로구 종로51길 18 일대
(종로구 창신동 142-33 일대)","9,504",117
,종로구,17,동대문문구완구종합시장,"종로구 종로52길 36 일대
(종로구 창신동 390-29 일대)","7,800",130
,종로구,18,동대문상가A동,"종로구 청계천로 295
(종로구 창신동 436-79)","4,735",219
,종로구,19,동대문상가B동,"종로구 청계천로 307
(종로구 창신동 436-78)","4,735",180
,종로구,20,동대문상가C동,"종로구 청계천로 319
(종로구 창신동 436-65)","4,735",185
,종로구,21,종각지하쇼핑센터,"종로구 종로 지하 73
(종로구 종로2가 11-1 일대)","1,555",75
,종로구,22,종로4가지하쇼핑센터,"종로구 창경궁로 지하 81
(종로구 예지동 187-2 일대)","2,997",109
,종로구,23,종오지하쇼핑센터,"종로구 종로 지하 200
(종로구 종로4가 176-1 일대)","4,165",65
,종로구,24,"마전교지하쇼핑센터
(구한일상가)","종로구 동호로 지하 398
(종로구 종로5가 332-18 일대)","1,210",32
,종로구,25,동대문지하쇼핑센터,"종로구 율곡로 지하 308
(종로구 종로6가 287-1 일대)","2,285",54
,종로구,26,동묘시장,"종로구 종로 58길40
(종로구 숭인동 241-1 일대)","5,480",120
,중구,계,37,,,"21,951"
,중구,1,남대문시장,"중구 남대문시장 4길 21                  
(남창동 49번지)","64,612","5,200"
,중구,2,숭례문수입상가,중구 소월로 3                                            (남창동 51-1),"45,479",517
,중구,3,중부시장,중구 을지로 36길 35                                                       (오장동 139-11),"20,707",421
,중구,4,방산종합시장,중구 동호로 37길 20                                     (주교동 19-1),"23,336","1,074"
,중구,5,서울중앙시장,"중구 퇴계로 85길 22                     
(황학동 409번지)","24,522",342
,중구,6,신중앙시장,중구 황학동 442번지 일대,"4,311",91
,중구,7,평화시장,"중구 청계천로 274                   
(을지로6가 17)","27,704","2,020"
,중구,8,통일상가,청계천로 274(을지로6가),"15,146",604
,중구,9,동화상가,"중구 장충단로 13길 34              
(을지로6가 17-145)","18,707",722
,중구,10,남평화시장,"중구 장충단로 280-10                      
(신당동 772)","7,266",565
,중구,11,제일평화시장,"중구 마장로 13                           
(신당동 775)","9,804",858
,중구,12,"에리어식스
(벨포스트)","중구 마장로 19                        
(신당동 776)","4,379",376
,중구,13,광희패션몰,중구 마장로 1길 21                                (신당동 777),"8,601","1,150"
,중구,14,청평화시장,"중구 청계천로 334
(신당동 217-91)","12,917","1,025"
,중구,15,삼익패션타운,중구 남대문시장 8길 7                                      (남창동 5),"29,620","1,020"
,중구,16,신중부시장,중구 을지로 30길 29(오장동),"7,523",417
,중구,17,자유상가,중구 회현동1가 202                                    (회현동 202-1),"8,646",397
,중구,18,신평화패션타운,"중구 청계천로 298                        
(신당동 217-1)","13,494","1,089"
,중구,19,동평화시장,청계천로 318(신당동),"24,768","1,443"
,중구,20,인현시장,"중구 퇴계로 41길 45                        
(인현동 2가 192-3)","6,702",100
,중구,21,방산시장,중구 을지로 33길 18-1                                  (주교동 251-1),"66,961",651
,중구,22,약수시장,"중구 다산로 10길 12                          
(신당동 372-40)","15,135",68
,중구,23,소공지하도상가,"중구 소공로지하 102                        
(소공동 87)","3,517",141
,중구,24,을지로지하보도쇼핑센터,중구 을지로 88/131/218                              (을지로2가 161),"20,334",212
,중구,25,회현지하쇼핑센터,"중구 소공로지하 58                   
(충무로1가 52-41)","2,498",224
,중구,26,시청광장 지하쇼핑센터,"중구 을지로지하 12                   
(을지로2가 12)","2,087",51
,중구,27,명동역지하도상가,충무로3가 65-12(남산동3가),"2,215",70
,중구,28,을지입구지하상가,"중구 을지로지하 58                     
(을지로2가 197지하)","1,225",60
,중구,29,청계6가 지하도상가,"중구 장충단로 지하 280                      
(을지로6가 18-11)","1,094",54
,중구,30,남대문로 지하상가,중구 남대문시장길 25-3                               (남대문로4가 18-2),"2,163",81
,중구,31,명동지하쇼핑센터,중구 남대문로지하 72                            (남대문로2가 123),"3,838",58
,중구,32,테크노상가,"중구 마장로 1가길17                                 (신당동 213-51,53)","4,405",170
,중구,33,청계5가쇼핑센터,"중구 동호로 390-3                          
(방산동 4-11)","1,933",44
,중구,34,청계공구상가,중구 청계천로 124                                        (입정동 258 동명빌딩 5층),"9,329",188
,중구,35,대림상가 ,"중구 을지로 157                              
(을지로4가 9-6)","10,956",354
,중구,36,백학시장 ,중구 퇴계로 86길 22일대                          (신당동 133-32일대),,30
,중구,37,합동(새벽)시장 ,중구 청파로 459                                  (중림동 469),,64
,용산구,계,8,,,483
,용산구,1,이태원시장,"용산구 이태원로14길 6            
(이태원동 56-9)","4,484",84
,용산구,2,보광시장,"용산구 보광로 30                    
(보광동 260-8)","3,352",17
,용산구,3,만리시장,"용산구 효창원로 270              
(서계동 260-1)","7,682",31
,용산구,4,후암시장,"용산구 한강대로104길 77           
(후암동 103-6)","1,141",50
,용산구,5,용문전통시장,용산구 효창원로 40길 13                     (용문동 41-44),"6,470",149
,용산구,6,신흥시장,"용산구 신흥로 95-9                   
(용산동2가 1-480)","3,304",38
,용산구,7,이촌종합시장,"용산구 이촌로75길 16-9           
(이촌동 301-154)","5,122",104
,용산구,8,이태원제일시장,"용산구 녹사평대로52길 19                
(이태원동 274-4)","1,060",10
,성동구,계,8,,,"2,715"
,성동구,1,금남시장,"독서당로 303-7
(금호동3가 326)","1,283",102
,성동구,2,뚝도시장,"성수이로 32-15
(성수동2가 335)","5,141",130
,성동구,3,마장축산물시장,"마장로31길 40
(마장동 510-3)","26,313","1,920"
,성동구,4,행당시장상점가,성동구 왕십리로21길 17,"4,962",76
,성동구,5,성동용답상가시장,"용답25라길 23
(용답동 47-1)","29,118",186
,성동구,6,왕십리도선동상점가,"왕십리로24길 16-1
(도선동 164)","1,999",203
,성동구,7,한양대앞상점가,"마조로 17
(행당동 19-54)","3,939",68
,성동구,8,서울숲 상원길 상점가,상원12길 1,"3,576",30
,광진구,계,16,,,831
,광진구 ,1,조양시장,광진구 아차산로30길 39                                  (자양동 6-20),"6,525",40
,광진구 ,2,노룬산시장,"광진구 뚝섬로 491                     
(자양동 44-2)","1,620",20
,광진구 ,3,신성시장,"광진구 영화사로 12            
(중곡동 79-8)","1,138",25
,광진구 ,4,중곡제일시장,광진구 긴고랑로11길 11                        (중곡동 229-5),"2,760",9
,광진구 ,5,광성시장,광진구 능동로 47길 30                         (중곡동 229-15),"2,136",20
,광진구 ,6,구의시장,"광진구 광나루로 531-5             
(구의동 66-25)","2,530",7
,광진구 ,7,자양종합시장,광진구 자양번영로6길 20                             (자양동 602),"4,724",21
,광진구 ,8,한아름시장,"광진구 능동로13길 39           
(화양동 10-1)","2,456",5
,광진구 ,9,중곡제일골목시장,"광진구 긴고랑로11길 14 
(중곡동 221-6)","14,684",143
,광진구 ,10,자양골목시장,"광진구 자양로13길 59                
(자양동 631-18)","16,400",135
,광진구 ,11,노룬산골목시장,"광진구 뚝섬로25길 6                 
(자양동 553-60)","6,719",52
,광진구 ,12,영동교골목시장,"광진구 동일로10길 30                       
(자양동 246-111)","12,744",96
,광진구 ,13,화양제일골목시장,"광진구 아차산로29길 59
(화양동 34-72)","11,281",86
,광진구 ,14,면곡골목시장,광진구 답십리로 368(중곡동 580-1),,35
,광진구 ,15,능동로골목시장,"광진구 뚝섬로30길 23              
(자양동 553-219)",,89
,광진구 ,16,신성골목시장,"광진구  용마산로6길 9
(중곡동 79-10)",,48
,동대문,계,20,,,"2,661"
,동대문,1,용두시장,동대문구 무학로 37길 12                      (용두동 231-5),"2,794",12
,동대문,2,경동시장,동대문구 왕산로 147                            (제기동 1018),"20,034",594
,동대문,3,동서시장,"동대문구 왕산로33길 13            
(제기동 650)","2,986",53
,동대문,4,전농로터리시장,"동대문구 전농로 15길 7                 
(전농동 295-52)","4,279",80
,동대문,5,동부시장,"동대문구 천호대로 281             
(답십리동 495-1)","4,046",32
,동대문,6,전곡시장,"동대문구 한천로 190                
(장안동 108-5)","1,682",14
,동대문,7,이경시장,"동대문구 휘경로 53                      
(휘경동 151-3)","3,033",78
,동대문,8,이문제일시장,"동대문구 이문로 200                     
(이문동 250-1)","3,392",23
,동대문,9,동부청과시장,동대문구 왕산로34길 26                        (용두동 39-1),"8,013",0
,동대문,10,청량리청과물시장,동대문구 왕산로33길 6                        (제기동 635-35),"7,008",101
,동대문,11,청량리종합시장,동대문구 경동시장로 3-1                      (제기동 996),"1,312",54
,동대문,12,서울약령시장,"동대문구 약령중앙로8길 10                 
(제기동 1126-5)","235,100","1,025"
,동대문,13,경동광성상가,"동대문구 고산자로 464                    
(제기동 849)","1,771",80
,동대문,14,청량리전통시장,"동대문구 홍릉로 1길 26               
(청량리동 777)","1,466",62
,동대문,15,답십리현대시장,동대문구 전농로4길 39                         (답십리동 14-8),"1,439",70
,동대문,16,청량리수산시장,동대문구 고산자로 34길48-1                     (용두동 20-47),"2,775",110
,동대문,17,답십리시장,동대문구 답십리로 51길 7-9                           (답십리동 66-32),"4,419",52
,동대문,18,회기시장,"동대문구 회기로25길 11                    
(회기동 57-220)","5,921",64
,동대문,19,청량종합도매시장,"동대문구 약령시로 92-2              
(제기동 838번지 일대)","1,775",62
,동대문,20,청량리농수산물시장 ,"동대문구 경동시장로 22                
(제기동 629-2번지 일대)","3,614",95
,중랑구,계,15,,,"1,133"
,중랑구,1,동원,"중랑구 면목로74길45            
(면목동 101-1)","1,766",14
,중랑구,2,면목시장,"중랑구 면목로39길11           
(면목동 650)","3,978",26
,중랑구,3,중랑교종합상가,"중랑구 면목로435-1                  
(면목동 129-9)","3,472",78
,중랑구,4,태능엔터피아,"중랑구 동일로129길35             
(중화동 314-1)","4,606",34
,중랑구,5,유영시장,"중랑구 봉우재로70길96              
(망우동 530-3)","7,154",0
,중랑구,6,동성타워프라자,"중랑구 봉화산로221             
(신내동 786)","21,610",48
,중랑구,7,신아타운,"중랑구 봉화산로194             
(신내동666)","31,129",127
,중랑구,8,우림골목시장,"중랑구 망우로62길52-4                
(망우동 463-44)","22,269",130
,중랑구,9,면목골목시장,"중랑구 면목로33길20-14         
(면목동 352-9)","13,564",92
,중랑구,10,동부골목시장,"중랑구 중랑천로10길61             
(상봉동 130-161)","4,500",120
,중랑구,11,동원골목시장,"중랑구 상봉로11길37            
(면목동 103-1)","6,360",127
,중랑구,12,사가정시장,"중랑구 면목로44길16             
(면목동 472-45)","5,807",117
,중랑구,13,중화제일시장,"중랑구 동일로143길 43        
(중화동 일대)",,30
,중랑구,14,묵1동도깨비시장,"중랑구 공릉로12가길 18        
(묵동 일대)",,75
,중랑구,15,태능시장,"중랑구 동일로129길 35            
(중화동 일대)",,115
,성북구,계,14,,,"1,174"
,성북구,1,길음시장,"성북구 동소문로 227 
(길음동 535-8, 540-2)","8,635",137
,성북구,2,장위시장,"성북구 장위로 126 장위쇼핑(슈퍼마켓) 
(장위동 238-496)","3,678",26
,성북구,3,번동시장,"성북구 한천로101길 59 번동시장 
(장위동 301)","1,914",14
,성북구,4,석관시장,"성북구 돌곶이로22가길 27 
(석관1동 270-1)","4,111",20
,성북구,5,새석관시장,"성북구 화랑로 202 
(석관동 338-18)","5,871",5
,성북구,6,동소문 스카이상가,성북구 성북로 4길52 스카이 프라자 상가 동관 (돈암동 606일대),"25,215",328
,성북구,7,돈암시장,"성북구 동소문로18길 12-3 
(동소문동5가 59-21 일대)","13,867",118
,성북구,8,장위전통시장,"성북구 장월로12길 41-1  (장위동)  
(장위동 68-225 일대)","9,599",130
,성북구,9,석관황금시장,"성북구 돌곶이로22길 54-16 
(석관동 279-35 일대)","7,150",88
,성북구,10,정릉시장,"성북구 보국문로11길 18-19  (정릉동)   
(정릉동 400-15호 일대)","9,954",116
,성북구,11,정릉아리랑시장,"성북구 정릉로 26가길36일대
(정릉동 443-1)","4,284",54
,성북구,12,밤나무골시장,"성북구 오패산로 79 
(하월곡동 76-8 일대)",,18
,성북구,13,삼선골목시장,"성북구 동소문로6길 22 
(동소문동2가 146)",,50
,성북구,14,장계시장,성북구 한천로97길 33,,70
,강북구,계,18,,,924
,강북구,1,수유시장,"강북구 도봉로67길 18              
(수유동 54-5)","6,884",70
,강북구,2,숭인시장,"강북구 도봉로 45                 
(미아동 60-4,5,10,11)","4,675",107
,강북구,3,번동북부시장,"강북구 한천로123길 26                   
(번동 413-3)","2,903",41
,강북구,4,수유중앙시장,"강북구 노해로17길 21               
(수유동 32-2)","4,438",28
,강북구,5,우이시장,"강북구 노해로23길 68              
(수유동 270-168)","2,122",13
,강북구,6,수유북부시장,"강북구 삼양로91가길 19              
(수유동 수유동405-5)","3,995",23
,강북구,7,강북종합시장,"강북구 한천로148길 12-43                 
(수유동 179-5)","3,311",12
,강북구,8,동북시장,"강북구 솔샘로 233                      
(미아동 701-3)","7,097",32
,강북구,9,"솔샘시장                      (미아6,7동골목시장)",강북구 솔샘로50길 4                              (미아동 1345)일대,"2,905",27
,강북구,10,"수유전통시장
(구)수유골목시장","강북구 도봉로67길                    
(수유동 53,54)일대","5,151",50
,강북구,11,수유재래시장,"강북구 도봉로67길                  
(수유동 53,54)일대","5,367",115
,강북구,12,수유프라자,"강북구 도봉로 261                   
(수유동 63)","20,953",58
,강북구,13,우이골목시장,"강북구 노해로23길 76                
(수유동 수유동 270-120)일대","4,775",67
,강북구,14,"강북종합전통시장
(구)강북종합골목시장","강북구 한천로144길 26                      
(수유동 175-61)일대","5,504",88
,강북구,15,장미원골목시장,"강북구 삼양로123길 9,11,13
(수유동 313-1,2,8)일대","11,624",94
,강북구,16,수유중앙골목시장,"강북구 노해로17길 16,24                      (수유동38-18,32)일대","4,438",28
,강북구,17,번동북부골목시장,"강북구 한천로123길 27,31             
(번동 411-18,93)일대","1,077",17
,강북구,18,방천골목시장,"강북구 월계로7나길 9              
(미아동1345, 698-3)일대","4,993",54
,도봉구,계,6,,,396
,도봉구 ,1,방학동도깨비시장,"도봉구 도당로13가길 17
(방학동 633-15)","15,243",103
,도봉구 ,2,창동신창시장,"도봉구 덕릉로57길 17 
(창동 578-47)","11,219",78
,도봉구 ,3,창동골목시장,"도봉구 덕릉로 58길 16
(창동 557-45)","7,325",64
,도봉구 ,4,신도봉시장,"도봉구 도당로27길 60 
(도봉동 611)","1,810",25
,도봉구 ,5,쌍문역골목시장,"도봉구 도봉로113길 20
(쌍문동 94-29)","3,860",78
,도봉구 ,6,백운시장,"도봉구 삼양로154길 42
(쌍문동495-9)","2,368",48
,노원구,계,3,,,207
,노원구,1,상계시장,"노원구 덕릉로 102길 5               
(상계동 95-3)","4,992",19
,노원구,2,공릉동 도깨비시장,"노원구 동일로 180길 37               
(공릉동 566-20)","15,669",120
,노원구,3,상계중앙시장,"노원구 상계로27길 32
(상계동 389-641 외 49필지)","21,913",68
,은평구,계,14,,,809
,은평구,1,녹번시장,"은평구 은평로204-4
(응암동 74-7)",614,39
,은평구,2,연서시장,"은평구통일로850
(불광동 310-118 ,310-200)","1,594",93
,은평구,3,갈현시장,"은평구 갈현로 300                    
 (갈현동 424-16)","1,758",0
,은평구,4,역촌중앙시장,"은평구 연서로17길18-6                    
(갈현동 467-1)","4,912",46
,은평구,5,증산종합시장,"은평구 증산로3길 12
(증산동 184-9)","2,171",60
,은평구,6,대림시장,"은평구 응암로4길20,22,24,26,26-1,26-3
(응암동 754-1)","3,223",104
,은평구,7,양지시장,"은평구 응암로4길20,22,24,26,26-1,26-3
(응암동 754-1)","1,244",4
,은평구,8,응암시장,"은평구 응암로 252 
(응암동 427-126)","1,688",10
,은평구,9,제일시장,"은평구 대조동 14-1, 21
(통일로731(대조동))","2,293",52
,은평구,10,수일시장,"은평구 수색로16길 5-1 
(수색동 368-24)","1,074",0
,은평구,11,신응암시장,"은평구 응암로22길3-1
(응암동427-130~113)","1,700",50
,은평구,12,대조시장,"은평구 진흥로 153 
(대조동 12, 26번지 일대)","3,400",77
,은평구,13,대림골목시장,"은평구 응암로12길8 
(응암동602-1~31번지750-1~ 695-22일대)","3,030",69
,은평구,14,연신내상점가,"은평구 통일로85길6-12                 
(갈현동393-400번지 일대)","16,394",205
,서대문,계,10,,,717
,서대문,1,유진상가,"서대문구 통일로 484
(연희동 131-1)","6,606",101
,서대문,2,백련시장,"서대문구 가재울로6길 53-87
(남가좌동 345-4)","6,865",26
,서대문,3,모래내시장,"서대문구 수색로2길 45
(남가좌동 290-2)","1,361",34
,서대문,4,서중시장,"서대문구 수색로2길 47
(남가좌동 286-35)","2,256",61
,서대문,5,인왕시장,"서대문구 인왕시장길 18
(홍제동 298)","4,321",114
,서대문,6,영천시장,"서대문구 영천시장길 27
(영천동 294)","2,485",71
,서대문,7,포방터시장,"서대문구 포방터길 46
(홍은동 9-160)","7,310",63
,서대문,8,연희사러가,"서대문구 연희맛로 23
(연희동 131-1)","3,719",34
,서대문,9,이대 앞 스타트업 상점가,"서대문구 이화여대길 74
(대현동 34-33)","3,416",78
,서대문,10,"이화여대 3,5,7길 상점가","서대문구 이화여대 5길 23,
1층
(대현동 37-18)","10,660",135
,마포구 ,계,16,,,"1,368"
,마포구 ,1,공덕시장,"마포구 만리재로19
(공덕동 256-10 )","1,699",43
,마포구 ,2,마포시장,마포구 마포대로6길30                                (공덕동265-5),"1,689",78
,마포구 ,3,동진시장,"마포구 성미산로198
(연남동 227-15)",492,17
,마포구 ,4,영진시장,"마포구 동교로12길21
(서교동 485-14)","3,761",13
,마포구 ,5,염리시장,"마포구 숭문길96(염리동)
(염리동 36-249)","4,563",0
,마포구 ,6,서교시장,"마포구 홍익로3길20
(서교동 357-1)","12,640",54
,마포구 ,7,합정시장,"마포구 양화진길5(합정동, 합정아파트)
(합정동 375-1)","5,433",11
,마포구 ,8,마포농수산물시장,"마포구 월드컵로235
(성산동 533-1)","17,319",144
,마포구 ,9,신수시장,"마포구 토정로17길17
(신수동 288-1)","1,092",3
,마포구 ,10,망원동월드컵시장,"마포구 망원로7길31
(망원동 424-7)","5,473",49
,마포구 ,11,망원시장,"마포구 망원동8길7
(망원동 486-37)","11,159",79
,마포구 ,12,아현시장,"마포구 굴레방로9길 17
(아현동 327-10)","18,849",168
,마포구 ,13,용강동 상점가,"마포구 마포대로1길 16              
(용강동 50-16)","9,242",274
,마포구 ,14,도화동 상점가,"마포구 마포대로 68(도화동, 
마포아크로타워) (도화동 563)","5,650",146
,마포구 ,15,상암동상점가 ,"마포구 월드컵북로44길33         
(상암동 33-1)","5,558",139
,마포구 ,16,홍대 걷고싶은 거리,"마포구 어울마당로141
(동교동 169-8)","5,135",150
,양천구,계,15,,,995
,양천구 ,1,신곡종합시장,"양천구 남부순환로79길 37
(신월6동 575-17)","1,150",10
,양천구 ,2,신정제일시장,"양천구 중앙로34길 30
(신정1동 1030-6)","1,340",16
,양천구 ,3,목2동시장,"양천구 목동중앙북로16길 3
(목2동 526)","3,020",87
,양천구 ,4,목3동시장,"양천구 목동중앙북로6길 5
(목3동 617-13)","5,106",79
,양천구 ,5,목4동시장,"양천구 목동중앙남로 7길 8       
(목동 726-18)","1,970",78
,양천구 ,6,월정로시장,"양천구 월정로29길 3
(신월1동 114-1)","2,230",121
,양천구 ,7,신영시장,"양천구 월정로 161-5
(신월1동 114-18)","4,520",136
,양천구 ,8,경창시장,"양천구 오목로9길 31
(신월2동 447-8)","2,320",64
,양천구 ,9,신월3동 골목시장,"양천구 남부순환로40가길 13
(신월3동 181-1)",964,50
,양천구 ,10,신월6동 골목시장,"양천구 달맞이1길 7                
(신월동 574-15)","2,190",98
,양천구 ,11,"신월7동 골목시장
(약수시장)","양천구 자양로 82                
(자양동 627-21)",480,22
,양천구 ,12,신정1동 골목시장,"양천구 중앙로34길 28               
(신정동 1029-1)","1,560",68
,양천구 ,13,신정2동 골목시장,"양천구 신목로2길 35-2             
(신정동 127-19)","3,102",62
,양천구 ,14,신정3동 골목시장,"양천구 중앙로 43길 26           
(신정동 1181-16)","2,650",85
,양천구 ,15,우성상가,"양천구 지양로 78
(신월7동 928-1)","5,035",19
,강서구,계,12,,,646
,강서구,1,공항시장,"강서구 방화동로3길 7
(방화동 620-17)","3,582",7
,강서구,2,남부화곡시장,"강서구 등촌로5길 80 
(화곡동 830-1)","2,314",19
,강서구,3,대원종합시장,"강서구 화곡로21길 78 
(화곡동 1023)","2,739",28
,강서구,4,신월중앙시장,"강서구 강서로 54길 109
(화곡동 929-1)","1,943",11
,강서구,5,화곡중앙시장,"강서구 월정로 30길 69
(화곡동 370-76)","1,939",6
,강서구,6,등마루시장,"강서구 화곡로 68길 120 
(등촌동 637-10)","2,325",7
,강서구,7,까치산시장,"강서구 강서로12길 14
(강서구 화곡동 342-16)","26,139",119
,강서구,8,남부골목시장,"강서구 등촌로5길 62-4
(화곡동 801-9","21,776",153
,강서구,9,방신재래시장,"강서구 방화동로16길 32
(강서구 방화동 567-23)","6,963",123
,강서구,10,화곡중앙골목시장,"강서구 월정로30길 63
(화곡동 370-37)","9,436",66
,강서구,11,화곡본동시장,"강서구 까치산로 35 
(화곡동 98-45)","5,805",51
,강서구,12,송화골목시장,"강서구 내발산1길 43
(강서구 내발산동 720-4)","26,319",56
,구로구,계,8,,,525
,구로구,1,구로시장,"구로구 구로동로22길 20-27      
(구로동 735-168)","8,307",154
,구로구,2,오류시장,"구로구 경인로19가길 14-1          
(오류동 38-7)","3,730",12
,구로구,3,개봉중앙시장,"구로구 개봉로17길 34             
(개봉동 324-1)","1,515",18
,구로구,4,고척근린시장,"구로구 경인로33길 98-3    
(고척동 257-12번지 외)","2,006",60
,구로구,5,"남구로시장
(舊 구로자율시장)",구로구 구로동로26길 33,"23,967",174
,구로구,6,고척프라자,"구로구 중앙로10길 7                  
(고척동 50-48)","11,965",1
,구로구,7,개봉프라자,"구로구 고척로40길 19               
(고척동 269-1)","9,974",36
,구로구,8,가리봉시장 ,"구로구 가리봉동 123-79    
(가리봉동 123-79)","8,859",70
,금천구,계,8,,,868
,금천구,1,남문시장,"금천구 시흥대로144길 17 
(독산동 984-10)","13,079",116
,금천구,2,현대시장,"금천구 독산로41길 7 
(시흥동 856~888)","23,598",230
,금천구,3,대명시장,"금천구 시흥대로52길 70 
(시흥동 884-5)","2,521",42
,금천구,4,대명여울빛거리,"금천구 시흥대로 58길 36(시흥동)
(시흥동 885)","22,929",224
,금천구,5,은행나무시장,"금천구 금하로25길  (시흥동)  
(시흥동 828-22~40)","1,765",64
,금천구,6,독산동 우시장,"금천구 범안로 1209 
(독산동 293-5,6 외 3필지)","3,937",189
,금천구,7,박미시장,"금천구 시흥대로18길 16 
(시흥동 956)","2,297",3
,금천구,8,푸른터시장,"금천구 남부순환로120길 23 푸른터 
(금천구 독산동 957)","6,973",0
,영등포구,계,25,,,"4,019"
,영등포구,1,양남시장,"영등포구 선유동1로 5
(양평동1가 30)","2,052",16
,영등포구,2,삼구시장,영등포구 영등포동5가 19,"3,464",59
,영등포구,3,동남상가,"영등포구 영등포로37길 4
(영등포동5가 24)","5,722",63
,영등포구,4,영신상가,"영등포구 영등포로 225                    
(영등포동5가 18)","10,253",159
,영등포구,5,도림시장,"영등포구 도영로 50
(도림동 176)","4,156",36
,영등포구,6,신동시장,영등포구 신길동 259,"1,877",1
,영등포구,7,영등포기계상가,"영등포구 영등포로 39
(양평동1가 247)","14,285",155
,영등포구,8,대신시장,"영등포구 도신로60길 7
(신길동 116-15)","12,129",86
,영등포구,9,사러가시장,"영등포구 신길로 155
(신길동 254-1)","6,614",73
,영등포구,10,신영사러가시장,"영등포구 가마산로69가길 17
(신길동 255-9)","2,472",4
,영등포구,11,영일시장,"영등포구 문래동30길 27
(문래동3가 10)","11,934",326
,영등포구,12,영등포유통상가,"영등포구 영등포로 109
(당산동2가 30-2)","75,575","1,287"
,영등포구,13,대림중앙시장,"영등포구 디지털로49길 13-1
(대림동 1075-47)","2,974",83
,영등포구,14,영진시장A동,"영등포구 신풍로 87
(신길동 2365)","3,348",66
,영등포구,15,영등포전통시장,"영등포구 영중로14길 27
(영등포동2가 335)","9,800",370
,영등포구,16,제일상가,"영등포구 영등포로 225       
(영등포동5가 18)","1,685",51
,영등포구,17,영등포청과시장,"영등포구 영신로41길 2
(당산동1가 184)","19,800",250
,영등포구,18,로타리상가,"영등포구 영등포로 219         
(영등포동5가 20)","5,164",93
,영등포구,19,남서울상가,"영등포구 영중로14길 11              
(영등포동5가 16())","8,580",56
,영등포구,20,우리시장,"영등포구 도림로64길 20
(대림동 904-20)","3,800",100
,영등포구,21,양평시장,"영등포구 선유로5 3길 7        
(양평동4가 161)","1,320",25
,영등포구,22,영등포시장지하도상점가,"영등포구 영등포로 219            
(영등포동5가 20)","3,637",78
,영등포구,23,영등포역지하도상점가,"영등포구 경인로 지하 843
(영등포동3가 33)","4,678",80
,영등포구,24,영등포로타리지하도상점가,영등포구 영등포동3가 441,"6,325",133
,영등포구,25,영등포시장기계공구상가,"영등포구 영중로14길 48
(영등포동2가 167-1)","41,693",369
,동작구,계,16,,,"1,066"
,동작구,1,영도시장,"동작구 장승배기로10길 26
(동작구 상도2동 176)","4,290",60
,동작구,2,사당시장,"동작구 사당로 244 사당시장 
(사당4동 318-8)","3,843",14
,동작구,3,강남시장,"동작구 상도로 357 아파트 
(상도동 488)","2,323",16
,동작구,4,성대시장,"동작구 상도로 102 성대시장 
(상도동 324-1)","6,267",56
,동작구,5,본동인정시장,"동작구 매봉로 177 
(본동 187-1외 66필지)","7,163",82
,동작구,6,신노량진시장,"동작구 장승배기로 123-6 
(노량진동 307-9)","3,512",25
,동작구,7,노량진중앙시장,"동작구 만양로16길 9
(노량진동 119-153","2,320",27
,동작구,8,남성시장,"동작구 동작대로 129
(사당동 86-9외)","13,000",140
,동작구,9,성대전통시장,국사봉1길 41 일원,"7,109",84
,동작구,10,흑석시장,동작구 서달로12길 19,"5,051",66
,동작구,11,남성역골목시장,"동작구 사당로16가길 19                
(사당동 267-16)","9,021",77
,동작구,12,상도전통시장,"동작구 상도로37길64 일원
(동작구 상도1동467-5~360-3)",,73
,동작구,13,상도4동도깨비골목시장,동작구 상도로 154 ~ 상도로22길 36,,94
,동작구,14,사당1동먹자골목상점가,동작대로 3길 외,,109
,동작구,15,신대방1동골목상권,"동작구 사당로16가길 13                   
(사당동 267-16)",,113
,동작구,16,만양로상점가,동작구 만양로 92,,30
,관악구 ,계,21,,,"1,469"
,관악구 ,1,봉일시장,"관악구 은천로 28
(은천동 951-25)","3,068",35
,관악구 ,2,봉천현대시장,"관악구 양녕로 49
(은천동 502-4)","2,069",35
,관악구 ,3,봉천제일종합시장,"관악구 청룡2길 29
(청룡동 921-1)","3,521",48
,관악구 ,4,봉천중앙시장,"관악구 관악로 211
(중앙동 32-2)","3,406",36
,관악구 ,5,신림종합시장,관악구 남부순환로157길 63                           (신사동 505-1),"3,778",25
,관악구 ,6,신신림시장,"관악구 원신2길 34
(삼성동 390-1)","1,824",11
,관악구 ,7,신림중앙시장,"관악구 조원로16길 27
(조원동 541)","6,167",140
,관악구 ,8,원당종합시장,"관악구 남부순환로248길 35
(인헌동 1638-20)","2,059",7
,관악구 ,9,우림시장,"관악구 난곡로26길 4
(난곡동 637-1)","1,726",17
,관악구 ,10,관악종합시장,"관악구 신원로 23
(신원동 1602-1)","2,036",57
,관악구 ,11,신림현대종합상가,"관악구 신림로29길 8
(서림동 1694)","5,053",43
,관악구 ,12,신원시장,"관악구 신원로3길 20-3
(신원동 1587-26)","3,678",119
,관악구 ,13,관악신사시장,"관악구 난곡로74길 58
(신사동 494-7)","3,778",100
,관악구 ,14,조원동 펭귄시장,"관악구 남부순환로143나길 7
(조원동 541-6)","9,831",70
,관악구 ,15,인헌시장,"관악구 인헌6길 16
(인헌동 1638-22)","9,751",52
,관악구 ,16,삼성동 시장,"관악구 원신1길 28-1
(삼성동 808-495)","4,800",206
,관악구 ,17,낙성대 시장,"관악구 관악로14길 63
(낙성대동 1612-28)","2,160",53
,관악구 ,18,서원동상점가,"관악구 신림로 329
(서원동 1637)","17,115",200
,관악구 ,19,중부시장,"관악구 관악로24길 25
(행운동 34-9)",,80
,관악구 ,20,미성동 도깨비시장,"관악구 미성3길 1
(미성동 727-5)","9,190",83
,관악구 ,21,강남골목시장,"관악구 조원로4길 21
(조원동 1652-1)","11,108",52
,서초구,계,6,,,747
,서초구,1,남부종합시장,서초구 방배중앙로27길 17                        (방배본동 767-1),"5,975",47
,서초구,2,양재시장,"서초구 남부순환로356길 15 
(양재동 1-7)","2,525",21
,서초구,3,강남터미널지하도상점가1구역,"서초구 신반포로 200 
(반포동 163 지하도상가 라40)","7,696",137
,서초구,4,강남터미널지하도상점가2구역,"서초구 신반포로 200 
(반포동 163-1 지하도상가)","12,587",291
,서초구,5,강남터미널지하도상점가3구역,"서초구 신반포로 200
(반포동 225 지하도상가 바45)","11,283",200
,서초구,6,고속터미널 지하철역 상점가 ,"서초구 신반포로 194
(반포동 19-3,4)","1,556",51
,강남구,계,10,,,"1,656"
,강남구,1,강남시장,"강남구 압구정로2길 46
 (신사동 510-11호)","4,856",100
,강남구,2,영동전통시장,"강남구 강남대로 128길 20
(논현동 140외 44필지)","39,954",119
,강남구,3,논현종합시장,"강남구 봉은사로33길 33
(논현동 227-4)","2,439",80
,강남구,4,신사상가,"강남구 압구정로29길 72-1
(압구정동 454)","2,931",84
,강남구,5,청담삼익시장,"강남구 학동로 101길 26 
(청담동 134-20)","5,685",165
,강남구,6,강남역 지하도상가,"강남구 테헤란로 101
(역삼동 821-1)","12,099",224
,강남구,7,개포2동 중심상가,"강남구 개포로 512
(개포동186)","12,099",266
,강남구,8,공무원연금매장            상록스토아 개포점,"강남구 영동대로4길 7           
(일원동 613)","4,886",72
,강남구,9,도곡시장,"선릉로 311                                   
(역삼동 765-7)",850,69
,강남구,10,은마종합상점가,"강남구 대치동 316               
(삼성로 212)","28,723",477
,송파구,계,7,,,"1,146"
,송파구,1,마천시장,"마천로 45길 23                      
(마천동 140-2)","3,871",134
,송파구,2,석촌시장,"송파대로 37길 52                      
(석촌동 274-8)","17,833",87
,송파구,3,새마을시장,"백제고분로 15길 42         
(잠실동 2074)","19,961",115
,송파구,4,풍납시장,"바람드리길 34                        
(풍납동 152-81)","23,670",180
,송파구,5,문정동 로데오거리 상점가,"동남로 4길 10                      
(문정동 41-5)","45,850",357
,송파구,6,방이시장,백제고분로 48길                                     (방이동 137-8일대),"35,152",137
,송파구,7,마천중앙시장,"마천로 51가길 23                          
(마천동 146-7)","14,757",136
,강동구,계,13,,,"1,087"
,강동구,1,암사종합시장,"강동구 성암로11길 25
(암사동 501-17)","17,394",105
,강동구,2,길동복조리시장,"강동구 천호대로187길 61
(길동 397-3)","2,050",118
,강동구,3,둔촌역전통시장,"강동구 풍성로58길 34
(성내동 428-9)","3,955",84
,강동구,4,성내골목시장,"강동구 천호대로162길 65
(성내동 144-16)","2,700",80
,강동구,5,명일골목시장,"강동구 양재대로168길 20
(명일동 326-11)","1,862",55
,강동구,6,양지골목시장,"강동구 고덕로27길 15-56
(암사동 450-5)","1,658",38
,강동구,7,고분다리골목시장,"강동구 구천면로34길 10
(천호동 393-33)","1,468",81
,강동구,8,로데오거리상점가,"강동구 천호대로157길 14
(천호동 454-50)","6,273",157
,강동구,9,천호시장,"강동구 구천면로 205
(천호동 421-1)","2,070",37
,강동구,10,천호신시장,"강동구 구천면로 209
(천호동 422-2)","4,850",105
,강동구,11,동서울시장,"강동구 올림픽로80길 58
(천호동 422-1)","4,515",46
,강동구,12,고덕전통시장,"강동구 고덕로83길 12
(고덕동 210-5)","9,823",33
,강동구,13,장신구 특화거리 상점가,"강동구 성내로 83
(성내동 545-6)","3,366",148